[{"$type":"Zad1.Bubanj, Zad1","ImeInstrumenta":"Bubanj","OsnovaOdMetala":false,"OsnovaOdPlastike":true,"OsnovaOdDrveta":true,"MojaFunkcijaUOrkestru":"Ritam sekcija","NeophodanSamZaSimfonijskiOrkestar":true,"PripadamOrkestruPoImenu":"Big Bend RTS","TipInstrumenta":"Udaracki instrument","ImaZice":false,"ImaDugmice":false,"ImaUdaraljke":false},{"$type":"Zad1.Klavir, Zad1","ImeInstrumenta":"Klavir","OsnovaOdMetala":true,"OsnovaOdPlastike":false,"OsnovaOdDrveta":true,"MojaFunkcijaUOrkestru":"Ritam sekcija","NeophodanSamZaSimfonijskiOrkestar":true,"PripadamOrkestruPoImenu":"Big Bend RTS","TipInstrumenta":"Zicani instrument","ImaZice":true,"ImaDugmice":false,"ImaUdaraljke":false},{"$type":"Zad1.Kontrabas, Zad1","ImeInstrumenta":"Kontrabas","OsnovaOdMetala":false,"OsnovaOdPlastike":false,"OsnovaOdDrveta":true,"MojaFunkcijaUOrkestru":"Ritam sekcija","NeophodanSamZaSimfonijskiOrkestar":true,"PripadamOrkestruPoImenu":"Big Bend RTS","TipInstrumenta":"Zicani instrument","ImaZice":true,"ImaDugmice":false,"ImaUdaraljke":false},{"$type":"Zad1.Saksofon, Zad1","ImeInstrumenta":"Saksofon","OsnovaOdMetala":true,"OsnovaOdPlastike":false,"OsnovaOdDrveta":true,"MojaFunkcijaUOrkestru":"Alto saksofon","NeophodanSamZaSimfonijskiOrkestar":true,"PripadamOrkestruPoImenu":"Big Bend RTS","TipInstrumenta":"Duvacki instrument","ImaZice":false,"ImaDugmice":true,"ImaUdaraljke":false},{"$type":"Zad1.Saksofon, Zad1","ImeInstrumenta":"Saksofon","OsnovaOdMetala":true,"OsnovaOdPlastike":false,"OsnovaOdDrveta":true,"MojaFunkcijaUOrkestru":"Tenor saksofon","NeophodanSamZaSimfonijskiOrkestar":true,"PripadamOrkestruPoImenu":"Big Bend RTS","TipInstrumenta":"Duvacki instrument","ImaZice":false,"ImaDugmice":true,"ImaUdaraljke":false},{"$type":"Zad1.Saksofon, Zad1","ImeInstrumenta":"Saksofon","OsnovaOdMetala":true,"OsnovaOdPlastike":false,"OsnovaOdDrveta":true,"MojaFunkcijaUOrkestru":"Bariton saksofon","NeophodanSamZaSimfonijskiOrkestar":true,"PripadamOrkestruPoImenu":"Big Bend RTS","TipInstrumenta":"Duvacki instrument","ImaZice":false,"ImaDugmice":true,"ImaUdaraljke":false},{"$type":"Zad1.Trombon, Zad1","ImeInstrumenta":"Trombon","OsnovaOdMetala":true,"OsnovaOdPlastike":false,"OsnovaOdDrveta":false,"MojaFunkcijaUOrkestru":"Tenor trombon","NeophodanSamZaSimfonijskiOrkestar":true,"PripadamOrkestruPoImenu":"Big Bend RTS","TipInstrumenta":"Duvacki instrument","ImaZice":false,"ImaDugmice":true,"ImaUdaraljke":false},{"$type":"Zad1.Trombon, Zad1","ImeInstrumenta":"Trombon","OsnovaOdMetala":true,"OsnovaOdPlastike":false,"OsnovaOdDrveta":false,"MojaFunkcijaUOrkestru":"Bas trombon","NeophodanSamZaSimfonijskiOrkestar":true,"PripadamOrkestruPoImenu":"Big Bend RTS","TipInstrumenta":"Duvacki instrument","ImaZice":false,"ImaDugmice":true,"ImaUdaraljke":false},{"$type":"Zad1.Truba, Zad1","ImeInstrumenta":"Truba","OsnovaOdMetala":true,"OsnovaOdPlastike":false,"OsnovaOdDrveta":false,"MojaFunkcijaUOrkestru":"Limena sekcija","NeophodanSamZaSimfonijskiOrkestar":true,"PripadamOrkestruPoImenu":"Big Bend RTS","TipInstrumenta":"Duvacki instrument","ImaZice":false,"ImaDugmice":true,"ImaUdaraljke":false},{"$type":"Zad1.Tuba, Zad1","ImeInstrumenta":"Tuba","OsnovaOdMetala":true,"OsnovaOdPlastike":false,"OsnovaOdDrveta":false,"MojaFunkcijaUOrkestru":"Limena sekcija","NeophodanSamZaSimfonijskiOrkestar":true,"PripadamOrkestruPoImenu":"Big Bend RTS","TipInstrumenta":"Duvacki instrument","ImaZice":false,"ImaDugmice":true,"ImaUdaraljke":false},{"$type":"Zad1.Violina, Zad1","ImeInstrumenta":"Violina","OsnovaOdMetala":false,"OsnovaOdPlastike":false,"OsnovaOdDrveta":true,"MojaFunkcijaUOrkestru":"Zicana sekcija","NeophodanSamZaSimfonijskiOrkestar":true,"PripadamOrkestruPoImenu":"Big Bend RTS","TipInstrumenta":"Zicani instrument","ImaZice":true,"ImaDugmice":false,"ImaUdaraljke":false},{"$type":"Zad1.Violoncelo, Zad1","ImeInstrumenta":"Violoncelo","OsnovaOdMetala":false,"OsnovaOdPlastike":false,"OsnovaOdDrveta":true,"MojaFunkcijaUOrkestru":"Zicana sekcija","NeophodanSamZaSimfonijskiOrkestar":true,"PripadamOrkestruPoImenu":"Big Bend RTS","TipInstrumenta":"Zicani instrument","ImaZice":true,"ImaDugmice":false,"ImaUdaraljke":false}]
