[{"$type":"Zad1.Flauta, Zad1","ImeInstrumenta":"Flauta","OsnovaOdMetala":false,"OsnovaOdPlastike":false,"OsnovaOdDrveta":true,"MojaFunkcijaUOrkestru":"Piccolo flauta","NeophodanSamZaSimfonijskiOrkestar":true,"PripadamOrkestruPoImenu":"Simfonijski orkestar RTS","TipInstrumenta":"Duvacki instrument","ImaZice":false,"ImaDugmice":true,"ImaUdaraljke":false},{"$type":"Zad1.Flauta, Zad1","ImeInstrumenta":"Flauta","OsnovaOdMetala":false,"OsnovaOdPlastike":false,"OsnovaOdDrveta":true,"MojaFunkcijaUOrkestru":"Alto flauta","NeophodanSamZaSimfonijskiOrkestar":true,"PripadamOrkestruPoImenu":"Simfonijski orkestar RTS","TipInstrumenta":"Duvacki instrument","ImaZice":false,"ImaDugmice":true,"ImaUdaraljke":false},{"$type":"Zad1.Saksofon, Zad1","ImeInstrumenta":"Saksofon","OsnovaOdMetala":true,"OsnovaOdPlastike":false,"OsnovaOdDrveta":true,"MojaFunkcijaUOrkestru":"Duvacka sekcija","NeophodanSamZaSimfonijskiOrkestar":true,"PripadamOrkestruPoImenu":"Simfonijski orkestar RTS","TipInstrumenta":"Duvacki instrument","ImaZice":false,"ImaDugmice":true,"ImaUdaraljke":false},{"$type":"Zad1.Horna, Zad1","ImeInstrumenta":"Horna","OsnovaOdMetala":true,"OsnovaOdPlastike":false,"OsnovaOdDrveta":false,"MojaFunkcijaUOrkestru":"Limena sekcija","NeophodanSamZaSimfonijskiOrkestar":true,"PripadamOrkestruPoImenu":"Simfonijski orkestar RTS","TipInstrumenta":"Duvacki instrument","ImaZice":false,"ImaDugmice":true,"ImaUdaraljke":false},{"$type":"Zad1.Truba, Zad1","ImeInstrumenta":"Truba","OsnovaOdMetala":true,"OsnovaOdPlastike":false,"OsnovaOdDrveta":false,"MojaFunkcijaUOrkestru":"Limena sekcija","NeophodanSamZaSimfonijskiOrkestar":true,"PripadamOrkestruPoImenu":"Simfonijski orkestar RTS","TipInstrumenta":"Duvacki instrument","ImaZice":false,"ImaDugmice":true,"ImaUdaraljke":false},{"$type":"Zad1.Trombon, Zad1","ImeInstrumenta":"Trombon","OsnovaOdMetala":true,"OsnovaOdPlastike":false,"OsnovaOdDrveta":false,"MojaFunkcijaUOrkestru":"Limena sekcija","NeophodanSamZaSimfonijskiOrkestar":true,"PripadamOrkestruPoImenu":"Simfonijski orkestar RTS","TipInstrumenta":"Duvacki instrument","ImaZice":false,"ImaDugmice":true,"ImaUdaraljke":false},{"$type":"Zad1.Trombon, Zad1","ImeInstrumenta":"Trombon","OsnovaOdMetala":true,"OsnovaOdPlastike":false,"OsnovaOdDrveta":false,"MojaFunkcijaUOrkestru":"Bas trombon","NeophodanSamZaSimfonijskiOrkestar":true,"PripadamOrkestruPoImenu":"Simfonijski orkestar RTS","TipInstrumenta":"Duvacki instrument","ImaZice":false,"ImaDugmice":true,"ImaUdaraljke":false},{"$type":"Zad1.Tuba, Zad1","ImeInstrumenta":"Tuba","OsnovaOdMetala":true,"OsnovaOdPlastike":false,"OsnovaOdDrveta":false,"MojaFunkcijaUOrkestru":"Limena sekcija","NeophodanSamZaSimfonijskiOrkestar":true,"PripadamOrkestruPoImenu":"Simfonijski orkestar RTS","TipInstrumenta":"Duvacki instrument","ImaZice":false,"ImaDugmice":true,"ImaUdaraljke":false},{"$type":"Zad1.Timpani, Zad1","ImeInstrumenta":"Timpani","OsnovaOdMetala":true,"OsnovaOdPlastike":true,"OsnovaOdDrveta":false,"MojaFunkcijaUOrkestru":"Udaracka sekcija","NeophodanSamZaSimfonijskiOrkestar":true,"PripadamOrkestruPoImenu":"Simfonijski orkestar RTS","TipInstrumenta":"Udaracki instrument","ImaZice":false,"ImaDugmice":false,"ImaUdaraljke":false},{"$type":"Zad1.Bubanj, Zad1","ImeInstrumenta":"Bubanj","OsnovaOdMetala":false,"OsnovaOdPlastike":true,"OsnovaOdDrveta":true,"MojaFunkcijaUOrkestru":"Dobos","NeophodanSamZaSimfonijskiOrkestar":true,"PripadamOrkestruPoImenu":"Simfonijski orkestar RTS","TipInstrumenta":"Udaracki instrument","ImaZice":false,"ImaDugmice":false,"ImaUdaraljke":false},{"$type":"Zad1.Bubanj, Zad1","ImeInstrumenta":"Bubanj","OsnovaOdMetala":false,"OsnovaOdPlastike":true,"OsnovaOdDrveta":true,"MojaFunkcijaUOrkestru":"Tenor bubanj","NeophodanSamZaSimfonijskiOrkestar":true,"PripadamOrkestruPoImenu":"Simfonijski orkestar RTS","TipInstrumenta":"Udaracki instrument","ImaZice":false,"ImaDugmice":false,"ImaUdaraljke":false},{"$type":"Zad1.Bubanj, Zad1","ImeInstrumenta":"Bubanj","OsnovaOdMetala":false,"OsnovaOdPlastike":true,"OsnovaOdDrveta":true,"MojaFunkcijaUOrkestru":"Bas bubanj","NeophodanSamZaSimfonijskiOrkestar":true,"PripadamOrkestruPoImenu":"Simfonijski orkestar RTS","TipInstrumenta":"Udaracki instrument","ImaZice":false,"ImaDugmice":false,"ImaUdaraljke":false},{"$type":"Zad1.Ksilofon, Zad1","ImeInstrumenta":"Ksilofon","OsnovaOdMetala":true,"OsnovaOdPlastike":false,"OsnovaOdDrveta":true,"MojaFunkcijaUOrkestru":"Udaracka sekcija","NeophodanSamZaSimfonijskiOrkestar":true,"PripadamOrkestruPoImenu":"Simfonijski orkestar RTS","TipInstrumenta":"Udaracki instrument","ImaZice":false,"ImaDugmice":false,"ImaUdaraljke":false},{"$type":"Zad1.Klavir, Zad1","ImeInstrumenta":"Klavir","OsnovaOdMetala":true,"OsnovaOdPlastike":false,"OsnovaOdDrveta":true,"MojaFunkcijaUOrkestru":"Klavijaturisti","NeophodanSamZaSimfonijskiOrkestar":true,"PripadamOrkestruPoImenu":"Simfonijski orkestar RTS","TipInstrumenta":"Zicani instrument","ImaZice":true,"ImaDugmice":false,"ImaUdaraljke":false},{"$type":"Zad1.Harfa, Zad1","ImeInstrumenta":"Harfa","OsnovaOdMetala":false,"OsnovaOdPlastike":false,"OsnovaOdDrveta":true,"MojaFunkcijaUOrkestru":"Zicana sekcija","NeophodanSamZaSimfonijskiOrkestar":true,"PripadamOrkestruPoImenu":"Simfonijski orkestar RTS","TipInstrumenta":"Zicani instrument","ImaZice":true,"ImaDugmice":false,"ImaUdaraljke":false},{"$type":"Zad1.Violina, Zad1","ImeInstrumenta":"Violina","OsnovaOdMetala":false,"OsnovaOdPlastike":false,"OsnovaOdDrveta":true,"MojaFunkcijaUOrkestru":"Koncertmajstor","NeophodanSamZaSimfonijskiOrkestar":true,"PripadamOrkestruPoImenu":"Simfonijski orkestar RTS","TipInstrumenta":"Zicani instrument","ImaZice":true,"ImaDugmice":false,"ImaUdaraljke":false},{"$type":"Zad1.Violina, Zad1","ImeInstrumenta":"Violina","OsnovaOdMetala":false,"OsnovaOdPlastike":false,"OsnovaOdDrveta":true,"MojaFunkcijaUOrkestru":"Prva violina","NeophodanSamZaSimfonijskiOrkestar":true,"PripadamOrkestruPoImenu":"Simfonijski orkestar RTS","TipInstrumenta":"Zicani instrument","ImaZice":true,"ImaDugmice":false,"ImaUdaraljke":false},{"$type":"Zad1.Violina, Zad1","ImeInstrumenta":"Violina","OsnovaOdMetala":false,"OsnovaOdPlastike":false,"OsnovaOdDrveta":true,"MojaFunkcijaUOrkestru":"Druga violina","NeophodanSamZaSimfonijskiOrkestar":true,"PripadamOrkestruPoImenu":"Simfonijski orkestar RTS","TipInstrumenta":"Zicani instrument","ImaZice":true,"ImaDugmice":false,"ImaUdaraljke":false},{"$type":"Zad1.Violina, Zad1","ImeInstrumenta":"Violina","OsnovaOdMetala":false,"OsnovaOdPlastike":false,"OsnovaOdDrveta":true,"MojaFunkcijaUOrkestru":"Druga violina","NeophodanSamZaSimfonijskiOrkestar":true,"PripadamOrkestruPoImenu":"Simfonijski orkestar RTS","TipInstrumenta":"Zicani instrument","ImaZice":true,"ImaDugmice":false,"ImaUdaraljke":false},{"$type":"Zad1.Viola, Zad1","ImeInstrumenta":"Viola","OsnovaOdMetala":false,"OsnovaOdPlastike":false,"OsnovaOdDrveta":true,"MojaFunkcijaUOrkestru":"Zicana sekcija","NeophodanSamZaSimfonijskiOrkestar":true,"PripadamOrkestruPoImenu":"Simfonijski orkestar RTS","TipInstrumenta":"Zicani instrument","ImaZice":true,"ImaDugmice":false,"ImaUdaraljke":false},{"$type":"Zad1.Violoncelo, Zad1","ImeInstrumenta":"Violoncelo","OsnovaOdMetala":false,"OsnovaOdPlastike":false,"OsnovaOdDrveta":true,"MojaFunkcijaUOrkestru":"Zicana sekcija","NeophodanSamZaSimfonijskiOrkestar":true,"PripadamOrkestruPoImenu":"Simfonijski orkestar RTS","TipInstrumenta":"Zicani instrument","ImaZice":true,"ImaDugmice":false,"ImaUdaraljke":false},{"$type":"Zad1.Kontrabas, Zad1","ImeInstrumenta":"Kontrabas","OsnovaOdMetala":false,"OsnovaOdPlastike":false,"OsnovaOdDrveta":true,"MojaFunkcijaUOrkestru":"Zicana sekcija","NeophodanSamZaSimfonijskiOrkestar":true,"PripadamOrkestruPoImenu":"Simfonijski orkestar RTS","TipInstrumenta":"Zicani instrument","ImaZice":true,"ImaDugmice":false,"ImaUdaraljke":false}]
