<?xml version="1.0"?>
<ArrayOfInstrument xmlns:xsi="http://www.w3.org/2001/XMLSchema-instance" xmlns:xsd="http://www.w3.org/2001/XMLSchema">
  <Instrument xsi:type="Violina">
    <MojaFunkcijaUOrkestru>Prva violina svira sopran</MojaFunkcijaUOrkestru>
    <PripadamOrkestruPoImenu>Gudacki kvartet Beogradske filharmonije</PripadamOrkestruPoImenu>
  </Instrument>
  <Instrument xsi:type="Violina">
    <MojaFunkcijaUOrkestru>Druga violina svira alt</MojaFunkcijaUOrkestru>
    <PripadamOrkestruPoImenu>Gudacki kvartet Beogradske filharmonije</PripadamOrkestruPoImenu>
  </Instrument>
  <Instrument xsi:type="Viola">
    <MojaFunkcijaUOrkestru>Svira tenor</MojaFunkcijaUOrkestru>
    <PripadamOrkestruPoImenu>Gudacki kvartet Beogradske filharmonije</PripadamOrkestruPoImenu>
  </Instrument>
  <Instrument xsi:type="Violoncelo">
    <MojaFunkcijaUOrkestru>Svira bas</MojaFunkcijaUOrkestru>
    <PripadamOrkestruPoImenu>Gudacki kvartet Beogradske filharmonije</PripadamOrkestruPoImenu>
  </Instrument>
</ArrayOfInstrument>